,ATP,Date,Rank,Court,Surface,DaysOffFromMatch1,1LastGame,1LastGameDiff,1LastGameGamesDiff,1LastGameNrOfGames,DaysOffFromMatch2,2LastGame,2LastGameDiff,2LastGameGamesDiff,2LastGameNrOfGames,DaysOffFromMatch3,3LastGame,3LastGameDiff,3LastGameGamesDiff,3LastGameNrOfGames,DaysOffFromMatch4,4LastGame,4LastGameDiff,4LastGameGamesDiff,4LastGameNrOfGames,DaysOffFromMatch5,5LastGame,5LastGameDiff,5LastGameGamesDiff,5LastGameNrOfGames,MatchesInTour,Result
45651,33.0,2016-05-23,115,1.0,0.0,47.0,0.0,0.0,0.0,0.0,1.0,1.0,1.0,0.5909090909090909,22.0,13.0,0.0,0.0,0.3333333333333333,18.0,29.0,0.0,0.0,0.3333333333333333,18.0,8.0,0.0,0.0,0.4090909090909091,22.0,0.0,0.0
45244,22.0,2016-04-06,84,1.0,0.0,1.0,1.0,1.0,0.5909090909090909,22.0,13.0,0.0,0.0,0.3333333333333333,18.0,29.0,0.0,0.0,0.3333333333333333,18.0,8.0,0.0,0.0,0.4090909090909091,22.0,25.0,0.0,0.25,0.4186046511627907,43.0,1.0,0.0
45236,22.0,2016-04-05,84,1.0,0.0,13.0,0.0,0.0,0.3333333333333333,18.0,29.0,0.0,0.0,0.3333333333333333,18.0,8.0,0.0,0.0,0.4090909090909091,22.0,25.0,0.0,0.25,0.4186046511627907,43.0,2.0,1.0,0.75,0.5192307692307693,52.0,0.0,1.0
45120,20.0,2016-03-23,79,1.0,3.0,29.0,0.0,0.0,0.3333333333333333,18.0,8.0,0.0,0.0,0.4090909090909091,22.0,25.0,0.0,0.25,0.4186046511627907,43.0,2.0,1.0,0.75,0.5192307692307693,52.0,8.0,0.0,0.0,0.38095238095238093,21.0,0.0,0.0
44961,17.0,2016-02-23,73,1.0,3.0,8.0,0.0,0.0,0.4090909090909091,22.0,25.0,0.0,0.25,0.4186046511627907,43.0,2.0,1.0,0.75,0.5192307692307693,52.0,8.0,0.0,0.0,0.38095238095238093,21.0,6.0,0.0,0.3333333333333333,0.4074074074074074,27.0,0.0,0.0
44866,14.0,2016-02-15,68,0.0,3.0,25.0,0.0,0.25,0.4186046511627907,43.0,2.0,1.0,0.75,0.5192307692307693,52.0,8.0,0.0,0.0,0.38095238095238093,21.0,6.0,0.0,0.3333333333333333,0.4074074074074074,27.0,76.0,0.0,0.0,0.35294117647058826,17.0,0.0,0.0
44636,6.0,2016-01-21,64,1.0,3.0,2.0,1.0,0.75,0.5192307692307693,52.0,8.0,0.0,0.0,0.38095238095238093,21.0,6.0,0.0,0.3333333333333333,0.4074074074074074,27.0,76.0,0.0,0.0,0.35294117647058826,17.0,8.0,0.0,0.0,0.3684210526315789,19.0,1.0,0.0
44596,6.0,2016-01-19,64,1.0,3.0,8.0,0.0,0.0,0.38095238095238093,21.0,6.0,0.0,0.3333333333333333,0.4074074074074074,27.0,76.0,0.0,0.0,0.35294117647058826,17.0,8.0,0.0,0.0,0.3684210526315789,19.0,7.0,0.0,0.0,0.14285714285714285,14.0,0.0,1.0
44515,5.0,2016-01-11,58,1.0,3.0,6.0,0.0,0.3333333333333333,0.4074074074074074,27.0,76.0,0.0,0.0,0.35294117647058826,17.0,8.0,0.0,0.0,0.3684210526315789,19.0,7.0,0.0,0.0,0.14285714285714285,14.0,4.0,0.0,0.3333333333333333,0.48,25.0,0.0,0.0
44465,3.0,2016-01-05,58,1.0,3.0,76.0,0.0,0.0,0.35294117647058826,17.0,8.0,0.0,0.0,0.3684210526315789,19.0,7.0,0.0,0.0,0.14285714285714285,14.0,4.0,0.0,0.3333333333333333,0.48,25.0,2.0,1.0,1.0,1.0,10.0,0.0,0.0
44207,60.0,2015-10-21,59,0.0,3.0,8.0,0.0,0.0,0.3684210526315789,19.0,7.0,0.0,0.0,0.14285714285714285,14.0,4.0,0.0,0.3333333333333333,0.48,25.0,2.0,1.0,1.0,1.0,10.0,1.0,1.0,1.0,0.6190476190476191,21.0,0.0,0.0
44157,59.0,2015-10-13,58,1.0,3.0,7.0,0.0,0.0,0.14285714285714285,14.0,4.0,0.0,0.3333333333333333,0.48,25.0,2.0,1.0,1.0,1.0,10.0,1.0,1.0,1.0,0.6190476190476191,21.0,4.0,0.0,0.0,0.46153846153846156,26.0,0.0,0.0
44091,57.0,2015-10-06,59,1.0,3.0,4.0,0.0,0.3333333333333333,0.48,25.0,2.0,1.0,1.0,1.0,10.0,1.0,1.0,1.0,0.6190476190476191,21.0,4.0,0.0,0.0,0.46153846153846156,26.0,1.0,1.0,1.0,0.5652173913043478,23.0,0.0,0.0
44073,56.0,2015-10-02,62,1.0,3.0,2.0,1.0,1.0,1.0,10.0,1.0,1.0,1.0,0.6190476190476191,21.0,4.0,0.0,0.0,0.46153846153846156,26.0,1.0,1.0,1.0,0.5652173913043478,23.0,1.0,1.0,0.6666666666666666,0.6153846153846154,26.0,2.0,0.0
44066,56.0,2015-09-30,62,1.0,3.0,1.0,1.0,1.0,0.6190476190476191,21.0,4.0,0.0,0.0,0.46153846153846156,26.0,1.0,1.0,1.0,0.5652173913043478,23.0,1.0,1.0,0.6666666666666666,0.6153846153846154,26.0,23.0,0.0,0.0,0.28,25.0,1.0,1.0
44063,56.0,2015-09-29,62,1.0,3.0,4.0,0.0,0.0,0.46153846153846156,26.0,1.0,1.0,1.0,0.5652173913043478,23.0,1.0,1.0,0.6666666666666666,0.6153846153846154,26.0,23.0,0.0,0.0,0.28,25.0,5.0,0.0,0.3333333333333333,0.4074074074074074,27.0,0.0,1.0
44020,54.0,2015-09-25,63,0.0,3.0,1.0,1.0,1.0,0.5652173913043478,23.0,1.0,1.0,0.6666666666666666,0.6153846153846154,26.0,23.0,0.0,0.0,0.28,25.0,5.0,0.0,0.3333333333333333,0.4074074074074074,27.0,0.0,1.0,0.6666666666666666,0.5128205128205128,39.0,2.0,0.0
44017,54.0,2015-09-24,63,0.0,3.0,1.0,1.0,0.6666666666666666,0.6153846153846154,26.0,23.0,0.0,0.0,0.28,25.0,5.0,0.0,0.3333333333333333,0.4074074074074074,27.0,0.0,1.0,0.6666666666666666,0.5128205128205128,39.0,2.0,1.0,1.0,0.631578947368421,19.0,1.0,1.0
44007,54.0,2015-09-23,63,0.0,3.0,23.0,0.0,0.0,0.28,25.0,5.0,0.0,0.3333333333333333,0.4074074074074074,27.0,0.0,1.0,0.6666666666666666,0.5128205128205128,39.0,2.0,1.0,1.0,0.631578947368421,19.0,24.0,0.0,0.0,0.0,0.0,0.0,1.0
43846,52.0,2015-08-31,62,1.0,3.0,5.0,0.0,0.3333333333333333,0.4074074074074074,27.0,0.0,1.0,0.6666666666666666,0.5128205128205128,39.0,2.0,1.0,1.0,0.631578947368421,19.0,24.0,0.0,0.0,0.0,0.0,1.0,1.0,0.6666666666666666,0.6,30.0,0.0,0.0
43835,51.0,2015-08-26,62,1.0,3.0,0.0,1.0,0.6666666666666666,0.5128205128205128,39.0,2.0,1.0,1.0,0.631578947368421,19.0,24.0,0.0,0.0,0.0,0.0,1.0,1.0,0.6666666666666666,0.6,30.0,2.0,1.0,1.0,0.5384615384615384,26.0,2.0,0.0
43829,51.0,2015-08-26,62,1.0,3.0,2.0,1.0,1.0,0.631578947368421,19.0,24.0,0.0,0.0,0.0,0.0,1.0,1.0,0.6666666666666666,0.6,30.0,2.0,1.0,1.0,0.5384615384615384,26.0,29.0,0.0,0.4,0.4375,48.0,1.0,1.0
43804,51.0,2015-08-24,62,1.0,3.0,24.0,0.0,0.0,0.0,0.0,1.0,1.0,0.6666666666666666,0.6,30.0,2.0,1.0,1.0,0.5384615384615384,26.0,29.0,0.0,0.4,0.4375,48.0,4.0,0.0,0.0,0.4,20.0,0.0,1.0
43610,46.0,2015-07-31,71,1.0,0.0,1.0,1.0,0.6666666666666666,0.6,30.0,2.0,1.0,1.0,0.5384615384615384,26.0,29.0,0.0,0.4,0.4375,48.0,4.0,0.0,0.0,0.4,20.0,1.0,1.0,0.6666666666666666,0.5172413793103449,29.0,2.0,0.0
43606,46.0,2015-07-30,71,1.0,0.0,2.0,1.0,1.0,0.5384615384615384,26.0,29.0,0.0,0.4,0.4375,48.0,4.0,0.0,0.0,0.4,20.0,1.0,1.0,0.6666666666666666,0.5172413793103449,29.0,1.0,1.0,0.6666666666666666,0.6206896551724138,29.0,1.0,1.0
43596,46.0,2015-07-28,71,1.0,0.0,29.0,0.0,0.4,0.4375,48.0,4.0,0.0,0.0,0.4,20.0,1.0,1.0,0.6666666666666666,0.5172413793103449,29.0,1.0,1.0,0.6666666666666666,0.6206896551724138,29.0,1.0,1.0,1.0,0.7058823529411765,17.0,0.0,1.0
43303,39.0,2015-06-29,55,1.0,2.0,4.0,0.0,0.0,0.4,20.0,1.0,1.0,0.6666666666666666,0.5172413793103449,29.0,1.0,1.0,0.6666666666666666,0.6206896551724138,29.0,1.0,1.0,1.0,0.7058823529411765,17.0,7.0,0.0,0.0,0.2,15.0,0.0,0.0
43283,38.0,2015-06-25,56,1.0,2.0,1.0,1.0,0.6666666666666666,0.5172413793103449,29.0,1.0,1.0,0.6666666666666666,0.6206896551724138,29.0,1.0,1.0,1.0,0.7058823529411765,17.0,7.0,0.0,0.0,0.2,15.0,16.0,0.0,0.4,0.4146341463414634,41.0,3.0,0.0
43275,38.0,2015-06-24,56,1.0,2.0,1.0,1.0,0.6666666666666666,0.6206896551724138,29.0,1.0,1.0,1.0,0.7058823529411765,17.0,7.0,0.0,0.0,0.2,15.0,16.0,0.0,0.4,0.4146341463414634,41.0,2.0,1.0,1.0,0.6666666666666666,27.0,2.0,1.0
43261,38.0,2015-06-23,56,1.0,2.0,1.0,1.0,1.0,0.7058823529411765,17.0,7.0,0.0,0.0,0.2,15.0,16.0,0.0,0.4,0.4146341463414634,41.0,2.0,1.0,1.0,0.6666666666666666,27.0,3.0,1.0,1.0,0.6428571428571429,28.0,1.0,1.0
43253,38.0,2015-06-22,56,1.0,2.0,7.0,0.0,0.0,0.2,15.0,16.0,0.0,0.4,0.4146341463414634,41.0,2.0,1.0,1.0,0.6666666666666666,27.0,3.0,1.0,1.0,0.6428571428571429,28.0,14.0,0.0,0.0,0.46153846153846156,26.0,0.0,1.0
43214,37.0,2015-06-15,55,1.0,2.0,16.0,0.0,0.4,0.4146341463414634,41.0,2.0,1.0,1.0,0.6666666666666666,27.0,3.0,1.0,1.0,0.6428571428571429,28.0,14.0,0.0,0.0,0.46153846153846156,26.0,4.0,0.0,0.0,0.25,16.0,0.0,0.0
43110,33.0,2015-05-30,60,1.0,0.0,2.0,1.0,1.0,0.6666666666666666,27.0,3.0,1.0,1.0,0.6428571428571429,28.0,14.0,0.0,0.0,0.46153846153846156,26.0,4.0,0.0,0.0,0.25,16.0,1.0,1.0,0.6666666666666666,0.5925925925925926,27.0,2.0,0.0
43092,33.0,2015-05-28,60,1.0,0.0,3.0,1.0,1.0,0.6428571428571429,28.0,14.0,0.0,0.0,0.46153846153846156,26.0,4.0,0.0,0.0,0.25,16.0,1.0,1.0,0.6666666666666666,0.5925925925925926,27.0,3.0,1.0,1.0,0.631578947368421,19.0,1.0,1.0
43039,33.0,2015-05-25,60,1.0,0.0,14.0,0.0,0.0,0.46153846153846156,26.0,4.0,0.0,0.0,0.25,16.0,1.0,1.0,0.6666666666666666,0.5925925925925926,27.0,3.0,1.0,1.0,0.631578947368421,19.0,4.0,0.0,0.3333333333333333,0.42424242424242425,33.0,0.0,1.0
42902,30.0,2015-05-11,57,1.0,0.0,4.0,0.0,0.0,0.25,16.0,1.0,1.0,0.6666666666666666,0.5925925925925926,27.0,3.0,1.0,1.0,0.631578947368421,19.0,4.0,0.0,0.3333333333333333,0.42424242424242425,33.0,1.0,1.0,1.0,0.65,20.0,0.0,0.0
42879,29.0,2015-05-07,63,1.0,0.0,1.0,1.0,0.6666666666666666,0.5925925925925926,27.0,3.0,1.0,1.0,0.631578947368421,19.0,4.0,0.0,0.3333333333333333,0.42424242424242425,33.0,1.0,1.0,1.0,0.65,20.0,4.0,0.0,0.0,0.4090909090909091,22.0,2.0,0.0
42864,29.0,2015-05-06,63,1.0,0.0,3.0,1.0,1.0,0.631578947368421,19.0,4.0,0.0,0.3333333333333333,0.42424242424242425,33.0,1.0,1.0,1.0,0.65,20.0,4.0,0.0,0.0,0.4090909090909091,22.0,1.0,1.0,1.0,0.6,20.0,1.0,1.0
42837,29.0,2015-05-03,63,1.0,0.0,4.0,0.0,0.3333333333333333,0.42424242424242425,33.0,1.0,1.0,1.0,0.65,20.0,4.0,0.0,0.0,0.4090909090909091,22.0,1.0,1.0,1.0,0.6,20.0,2.0,1.0,1.0,0.5652173913043478,23.0,0.0,1.0
42824,28.0,2015-04-29,52,1.0,0.0,1.0,1.0,1.0,0.65,20.0,4.0,0.0,0.0,0.4090909090909091,22.0,1.0,1.0,1.0,0.6,20.0,2.0,1.0,1.0,0.5652173913043478,23.0,9.0,0.0,0.0,0.43478260869565216,23.0,1.0,0.0
42817,28.0,2015-04-28,52,1.0,0.0,4.0,0.0,0.0,0.4090909090909091,22.0,1.0,1.0,1.0,0.6,20.0,2.0,1.0,1.0,0.5652173913043478,23.0,9.0,0.0,0.0,0.43478260869565216,23.0,15.0,0.0,0.3333333333333333,0.4838709677419355,31.0,0.0,1.0
42751,25.0,2015-04-24,50,1.0,0.0,1.0,1.0,1.0,0.6,20.0,2.0,1.0,1.0,0.5652173913043478,23.0,9.0,0.0,0.0,0.43478260869565216,23.0,15.0,0.0,0.3333333333333333,0.4838709677419355,31.0,2.0,1.0,1.0,0.75,16.0,2.0,0.0
42744,25.0,2015-04-23,50,1.0,0.0,2.0,1.0,1.0,0.5652173913043478,23.0,9.0,0.0,0.0,0.43478260869565216,23.0,15.0,0.0,0.3333333333333333,0.4838709677419355,31.0,2.0,1.0,1.0,0.75,16.0,11.0,0.0,0.0,0.3684210526315789,19.0,1.0,1.0
42734,25.0,2015-04-21,50,1.0,0.0,9.0,0.0,0.0,0.43478260869565216,23.0,15.0,0.0,0.3333333333333333,0.4838709677419355,31.0,2.0,1.0,1.0,0.75,16.0,11.0,0.0,0.0,0.3684210526315789,19.0,2.0,1.0,0.6666666666666666,0.5806451612903226,31.0,0.0,1.0
42626,23.0,2015-04-12,49,1.0,0.0,15.0,0.0,0.3333333333333333,0.4838709677419355,31.0,2.0,1.0,1.0,0.75,16.0,11.0,0.0,0.0,0.3684210526315789,19.0,2.0,1.0,0.6666666666666666,0.5806451612903226,31.0,16.0,0.0,0.3333333333333333,0.41935483870967744,31.0,0.0,0.0
42525,20.0,2015-03-28,47,1.0,3.0,2.0,1.0,1.0,0.75,16.0,11.0,0.0,0.0,0.3684210526315789,19.0,2.0,1.0,0.6666666666666666,0.5806451612903226,31.0,16.0,0.0,0.3333333333333333,0.41935483870967744,31.0,1.0,1.0,1.0,0.6666666666666666,18.0,1.0,0.0
42498,20.0,2015-03-26,47,1.0,3.0,11.0,0.0,0.0,0.3684210526315789,19.0,2.0,1.0,0.6666666666666666,0.5806451612903226,31.0,16.0,0.0,0.3333333333333333,0.41935483870967744,31.0,1.0,1.0,1.0,0.6666666666666666,18.0,4.0,0.0,0.0,0.4,20.0,0.0,1.0
42436,19.0,2015-03-15,49,1.0,3.0,2.0,1.0,0.6666666666666666,0.5806451612903226,31.0,16.0,0.0,0.3333333333333333,0.41935483870967744,31.0,1.0,1.0,1.0,0.6666666666666666,18.0,4.0,0.0,0.0,0.4,20.0,1.0,1.0,0.6666666666666666,0.5,32.0,1.0,0.0
42405,19.0,2015-03-13,49,1.0,3.0,16.0,0.0,0.3333333333333333,0.41935483870967744,31.0,1.0,1.0,1.0,0.6666666666666666,18.0,4.0,0.0,0.0,0.4,20.0,1.0,1.0,0.6666666666666666,0.5,32.0,1.0,1.0,1.0,0.5652173913043478,23.0,0.0,1.0
42371,18.0,2015-02-25,52,1.0,3.0,1.0,1.0,1.0,0.6666666666666666,18.0,4.0,0.0,0.0,0.4,20.0,1.0,1.0,0.6666666666666666,0.5,32.0,1.0,1.0,1.0,0.5652173913043478,23.0,6.0,0.0,0.0,0.4090909090909091,22.0,1.0,0.0
42357,18.0,2015-02-24,52,1.0,3.0,4.0,0.0,0.0,0.4,20.0,1.0,1.0,0.6666666666666666,0.5,32.0,1.0,1.0,1.0,0.5652173913043478,23.0,6.0,0.0,0.0,0.4090909090909091,22.0,3.0,1.0,1.0,0.75,16.0,0.0,1.0
42256,14.0,2015-02-20,53,0.0,3.0,1.0,1.0,0.6666666666666666,0.5,32.0,1.0,1.0,1.0,0.5652173913043478,23.0,6.0,0.0,0.0,0.4090909090909091,22.0,3.0,1.0,1.0,0.75,16.0,19.0,0.0,0.25,0.38235294117647056,34.0,2.0,0.0
42251,14.0,2015-02-19,53,0.0,3.0,1.0,1.0,1.0,0.5652173913043478,23.0,6.0,0.0,0.0,0.4090909090909091,22.0,3.0,1.0,1.0,0.75,16.0,19.0,0.0,0.25,0.38235294117647056,34.0,2.0,1.0,0.75,0.6176470588235294,34.0,1.0,1.0
42245,14.0,2015-02-18,53,0.0,3.0,6.0,0.0,0.0,0.4090909090909091,22.0,3.0,1.0,1.0,0.75,16.0,19.0,0.0,0.25,0.38235294117647056,34.0,2.0,1.0,0.75,0.6176470588235294,34.0,4.0,0.0,0.3333333333333333,0.4666666666666667,30.0,0.0,1.0
42169,11.0,2015-02-12,50,0.0,3.0,3.0,1.0,1.0,0.75,16.0,19.0,0.0,0.25,0.38235294117647056,34.0,2.0,1.0,0.75,0.6176470588235294,34.0,4.0,0.0,0.3333333333333333,0.4666666666666667,30.0,1.0,1.0,1.0,0.6666666666666666,18.0,1.0,0.0
42146,11.0,2015-02-09,50,0.0,3.0,19.0,0.0,0.25,0.38235294117647056,34.0,2.0,1.0,0.75,0.6176470588235294,34.0,4.0,0.0,0.3333333333333333,0.4666666666666667,30.0,1.0,1.0,1.0,0.6666666666666666,18.0,2.0,1.0,1.0,0.7058823529411765,17.0,0.0,1.0
41983,6.0,2015-01-21,48,1.0,3.0,2.0,1.0,0.75,0.6176470588235294,34.0,4.0,0.0,0.3333333333333333,0.4666666666666667,30.0,1.0,1.0,1.0,0.6666666666666666,18.0,2.0,1.0,1.0,0.7058823529411765,17.0,5.0,0.0,0.0,0.29411764705882354,17.0,1.0,0.0
41936,6.0,2015-01-19,48,1.0,3.0,4.0,0.0,0.3333333333333333,0.4666666666666667,30.0,1.0,1.0,1.0,0.6666666666666666,18.0,2.0,1.0,1.0,0.7058823529411765,17.0,5.0,0.0,0.0,0.29411764705882354,17.0,2.0,1.0,1.0,0.5909090909090909,22.0,0.0,1.0
41906,5.0,2015-01-15,52,1.0,3.0,1.0,1.0,1.0,0.6666666666666666,18.0,2.0,1.0,1.0,0.7058823529411765,17.0,5.0,0.0,0.0,0.29411764705882354,17.0,2.0,1.0,1.0,0.5909090909090909,22.0,77.0,0.0,0.0,0.25,16.0,2.0,0.0
41897,5.0,2015-01-14,52,1.0,3.0,2.0,1.0,1.0,0.7058823529411765,17.0,5.0,0.0,0.0,0.29411764705882354,17.0,2.0,1.0,1.0,0.5909090909090909,22.0,77.0,0.0,0.0,0.25,16.0,5.0,0.0,0.3333333333333333,0.4642857142857143,28.0,1.0,1.0
41886,5.0,2015-01-12,52,1.0,3.0,5.0,0.0,0.0,0.29411764705882354,17.0,2.0,1.0,1.0,0.5909090909090909,22.0,77.0,0.0,0.0,0.25,16.0,5.0,0.0,0.3333333333333333,0.4642857142857143,28.0,21.0,0.0,0.0,0.3684210526315789,19.0,0.0,1.0
41849,3.0,2015-01-07,52,1.0,3.0,2.0,1.0,1.0,0.5909090909090909,22.0,77.0,0.0,0.0,0.25,16.0,5.0,0.0,0.3333333333333333,0.4642857142857143,28.0,21.0,0.0,0.0,0.3684210526315789,19.0,2.0,1.0,1.0,0.6666666666666666,18.0,1.0,0.0
41826,3.0,2015-01-05,52,1.0,3.0,77.0,0.0,0.0,0.25,16.0,5.0,0.0,0.3333333333333333,0.4642857142857143,28.0,21.0,0.0,0.0,0.3684210526315789,19.0,2.0,1.0,1.0,0.6666666666666666,18.0,25.0,0.0,0.4,0.4423076923076923,52.0,0.0,1.0
41650,61.0,2014-10-20,75,0.0,3.0,5.0,0.0,0.3333333333333333,0.4642857142857143,28.0,21.0,0.0,0.0,0.3684210526315789,19.0,2.0,1.0,1.0,0.6666666666666666,18.0,25.0,0.0,0.4,0.4423076923076923,52.0,3.0,1.0,0.6,0.5227272727272727,44.0,0.0,0.0
41630,60.0,2014-10-15,77,0.0,3.0,21.0,0.0,0.0,0.3684210526315789,19.0,2.0,1.0,1.0,0.6666666666666666,18.0,25.0,0.0,0.4,0.4423076923076923,52.0,3.0,1.0,0.6,0.5227272727272727,44.0,56.0,0.0,0.4,0.49019607843137253,51.0,0.0,0.0
41435,54.0,2014-09-24,76,1.0,3.0,2.0,1.0,1.0,0.6666666666666666,18.0,25.0,0.0,0.4,0.4423076923076923,52.0,3.0,1.0,0.6,0.5227272727272727,44.0,56.0,0.0,0.4,0.49019607843137253,51.0,4.0,1.0,0.6,0.5102040816326531,49.0,1.0,0.0
41423,54.0,2014-09-22,76,1.0,3.0,25.0,0.0,0.4,0.4423076923076923,52.0,3.0,1.0,0.6,0.5227272727272727,44.0,56.0,0.0,0.4,0.49019607843137253,51.0,4.0,1.0,0.6,0.5102040816326531,49.0,2.0,1.0,0.75,0.5106382978723404,47.0,0.0,1.0
41316,51.0,2014-08-28,85,1.0,3.0,3.0,1.0,0.6,0.5227272727272727,44.0,56.0,0.0,0.4,0.49019607843137253,51.0,4.0,1.0,0.6,0.5102040816326531,49.0,2.0,1.0,0.75,0.5106382978723404,47.0,26.0,0.0,0.0,0.28,25.0,1.0,0.0
41250,51.0,2014-08-25,85,1.0,3.0,56.0,0.0,0.4,0.49019607843137253,51.0,4.0,1.0,0.6,0.5102040816326531,49.0,2.0,1.0,0.75,0.5106382978723404,47.0,26.0,0.0,0.0,0.28,25.0,2.0,1.0,1.0,0.6428571428571429,28.0,0.0,1.0
40753,37.0,2014-06-30,132,1.0,2.0,4.0,1.0,0.6,0.5102040816326531,49.0,2.0,1.0,0.75,0.5106382978723404,47.0,26.0,0.0,0.0,0.28,25.0,2.0,1.0,1.0,0.6428571428571429,28.0,14.0,0.0,0.0,0.4090909090909091,22.0,2.0,0.0
40723,37.0,2014-06-26,132,1.0,2.0,2.0,1.0,0.75,0.5106382978723404,47.0,26.0,0.0,0.0,0.28,25.0,2.0,1.0,1.0,0.6428571428571429,28.0,14.0,0.0,0.0,0.4090909090909091,22.0,1.0,1.0,0.6666666666666666,0.5,34.0,1.0,1.0
40698,37.0,2014-06-24,132,1.0,2.0,26.0,0.0,0.0,0.28,25.0,2.0,1.0,1.0,0.6428571428571429,28.0,14.0,0.0,0.0,0.4090909090909091,22.0,1.0,1.0,0.6666666666666666,0.5,34.0,28.0,0.0,0.0,0.3684210526315789,19.0,0.0,1.0
40457,32.0,2014-05-29,150,1.0,0.0,2.0,1.0,1.0,0.6428571428571429,28.0,14.0,0.0,0.0,0.4090909090909091,22.0,1.0,1.0,0.6666666666666666,0.5,34.0,28.0,0.0,0.0,0.3684210526315789,19.0,293.0,0.0,0.0,0.3076923076923077,26.0,1.0,0.0
40430,32.0,2014-05-27,150,1.0,0.0,14.0,0.0,0.0,0.4090909090909091,22.0,1.0,1.0,0.6666666666666666,0.5,34.0,28.0,0.0,0.0,0.3684210526315789,19.0,293.0,0.0,0.0,0.3076923076923077,26.0,28.0,0.0,0.0,0.391304347826087,23.0,0.0,1.0
40295,29.0,2014-05-13,162,1.0,0.0,1.0,1.0,0.6666666666666666,0.5,34.0,28.0,0.0,0.0,0.3684210526315789,19.0,293.0,0.0,0.0,0.3076923076923077,26.0,28.0,0.0,0.0,0.391304347826087,23.0,66.0,0.0,0.0,0.4166666666666667,12.0,1.0,0.0
40277,29.0,2014-05-12,162,1.0,0.0,28.0,0.0,0.0,0.3684210526315789,19.0,293.0,0.0,0.0,0.3076923076923077,26.0,28.0,0.0,0.0,0.391304347826087,23.0,66.0,0.0,0.0,0.4166666666666667,12.0,2.0,1.0,0.6666666666666666,0.53125,32.0,0.0,1.0
40034,23.0,2014-04-14,329,1.0,0.0,293.0,0.0,0.0,0.3076923076923077,26.0,28.0,0.0,0.0,0.391304347826087,23.0,66.0,0.0,0.0,0.4166666666666667,12.0,2.0,1.0,0.6666666666666666,0.53125,32.0,22.0,0.0,0.0,0.3157894736842105,19.0,0.0,0.0
38069,37.0,2013-06-25,89,1.0,2.0,28.0,0.0,0.0,0.391304347826087,23.0,66.0,0.0,0.0,0.4166666666666667,12.0,2.0,1.0,0.6666666666666666,0.53125,32.0,22.0,0.0,0.0,0.3157894736842105,19.0,8.0,0.0,0.3333333333333333,0.41379310344827586,29.0,0.0,0.0
37799,32.0,2013-05-28,88,1.0,0.0,66.0,0.0,0.0,0.4166666666666667,12.0,2.0,1.0,0.6666666666666666,0.53125,32.0,22.0,0.0,0.0,0.3157894736842105,19.0,8.0,0.0,0.3333333333333333,0.41379310344827586,29.0,3.0,0.0,0.0,0.38095238095238093,21.0,0.0,0.0
37306,20.0,2013-03-23,76,1.0,3.0,2.0,1.0,0.6666666666666666,0.53125,32.0,22.0,0.0,0.0,0.3157894736842105,19.0,8.0,0.0,0.3333333333333333,0.41379310344827586,29.0,3.0,0.0,0.0,0.38095238095238093,21.0,1.0,1.0,1.0,0.6,20.0,1.0,0.0
37279,20.0,2013-03-21,76,1.0,3.0,22.0,0.0,0.0,0.3157894736842105,19.0,8.0,0.0,0.3333333333333333,0.41379310344827586,29.0,3.0,0.0,0.0,0.38095238095238093,21.0,1.0,1.0,1.0,0.6,20.0,1.0,1.0,1.0,0.65,20.0,0.0,1.0
37075,16.0,2013-02-27,65,1.0,0.0,8.0,0.0,0.3333333333333333,0.41379310344827586,29.0,3.0,0.0,0.0,0.38095238095238093,21.0,1.0,1.0,1.0,0.6,20.0,1.0,1.0,1.0,0.65,20.0,3.0,1.0,1.0,0.6666666666666666,18.0,0.0,0.0
36982,13.0,2013-02-19,67,1.0,0.0,3.0,0.0,0.0,0.38095238095238093,21.0,1.0,1.0,1.0,0.6,20.0,1.0,1.0,1.0,0.65,20.0,3.0,1.0,1.0,0.6666666666666666,18.0,28.0,0.0,0.0,0.3870967741935484,31.0,0.0,0.0
36970,12.0,2013-02-16,80,0.0,0.0,1.0,1.0,1.0,0.6,20.0,1.0,1.0,1.0,0.65,20.0,3.0,1.0,1.0,0.6666666666666666,18.0,28.0,0.0,0.0,0.3870967741935484,31.0,11.0,0.0,0.0,0.14285714285714285,14.0,3.0,0.0
36966,12.0,2013-02-15,80,0.0,0.0,1.0,1.0,1.0,0.65,20.0,3.0,1.0,1.0,0.6666666666666666,18.0,28.0,0.0,0.0,0.3870967741935484,31.0,11.0,0.0,0.0,0.14285714285714285,14.0,1.0,1.0,0.6666666666666666,0.5,28.0,2.0,1.0
36959,12.0,2013-02-14,80,0.0,0.0,3.0,1.0,1.0,0.6666666666666666,18.0,28.0,0.0,0.0,0.3870967741935484,31.0,11.0,0.0,0.0,0.14285714285714285,14.0,1.0,1.0,0.6666666666666666,0.5,28.0,2.0,1.0,0.6666666666666666,0.5428571428571428,35.0,1.0,1.0
36948,12.0,2013-02-11,80,0.0,0.0,28.0,0.0,0.0,0.3870967741935484,31.0,11.0,0.0,0.0,0.14285714285714285,14.0,1.0,1.0,0.6666666666666666,0.5,28.0,2.0,1.0,0.6666666666666666,0.5428571428571428,35.0,75.0,0.0,0.0,0.43478260869565216,23.0,0.0,1.0
36703,6.0,2013-01-14,80,1.0,3.0,11.0,0.0,0.0,0.14285714285714285,14.0,1.0,1.0,0.6666666666666666,0.5,28.0,2.0,1.0,0.6666666666666666,0.5428571428571428,35.0,75.0,0.0,0.0,0.43478260869565216,23.0,27.0,0.0,0.0,0.3333333333333333,18.0,0.0,0.0
36622,3.0,2013-01-03,84,1.0,3.0,1.0,1.0,0.6666666666666666,0.5,28.0,2.0,1.0,0.6666666666666666,0.5428571428571428,35.0,75.0,0.0,0.0,0.43478260869565216,23.0,27.0,0.0,0.0,0.3333333333333333,18.0,1.0,1.0,1.0,0.56,25.0,1.0,0.0
36614,3.0,2013-01-02,84,1.0,3.0,2.0,1.0,0.6666666666666666,0.5428571428571428,35.0,75.0,0.0,0.0,0.43478260869565216,23.0,27.0,0.0,0.0,0.3333333333333333,18.0,1.0,1.0,1.0,0.56,25.0,55.0,0.0,0.3333333333333333,0.46153846153846156,26.0,0.0,1.0
36595,3.0,2012-12-31,84,1.0,3.0,75.0,0.0,0.0,0.43478260869565216,23.0,27.0,0.0,0.0,0.3333333333333333,18.0,1.0,1.0,1.0,0.56,25.0,55.0,0.0,0.3333333333333333,0.46153846153846156,26.0,1.0,1.0,1.0,0.6190476190476191,21.0,0.0,1.0
36345,59.0,2012-10-17,79,0.0,3.0,27.0,0.0,0.0,0.3333333333333333,18.0,1.0,1.0,1.0,0.56,25.0,55.0,0.0,0.3333333333333333,0.46153846153846156,26.0,1.0,1.0,1.0,0.6190476190476191,21.0,1.0,1.0,1.0,0.5833333333333334,24.0,0.0,0.0
36155,53.0,2012-09-20,79,0.0,3.0,1.0,1.0,1.0,0.56,25.0,55.0,0.0,0.3333333333333333,0.46153846153846156,26.0,1.0,1.0,1.0,0.6190476190476191,21.0,1.0,1.0,1.0,0.5833333333333334,24.0,13.0,0.0,0.0,0.3684210526315789,19.0,1.0,0.0
36141,53.0,2012-09-19,79,0.0,3.0,55.0,0.0,0.3333333333333333,0.46153846153846156,26.0,1.0,1.0,1.0,0.6190476190476191,21.0,1.0,1.0,1.0,0.5833333333333334,24.0,13.0,0.0,0.0,0.3684210526315789,19.0,2.0,1.0,1.0,0.5384615384615384,26.0,0.0,1.0
35769,45.0,2012-07-26,111,1.0,0.0,1.0,1.0,1.0,0.6190476190476191,21.0,1.0,1.0,1.0,0.5833333333333334,24.0,13.0,0.0,0.0,0.3684210526315789,19.0,2.0,1.0,1.0,0.5384615384615384,26.0,14.0,0.0,0.25,0.4166666666666667,36.0,2.0,0.0
35760,45.0,2012-07-25,111,1.0,0.0,1.0,1.0,1.0,0.5833333333333334,24.0,13.0,0.0,0.0,0.3684210526315789,19.0,2.0,1.0,1.0,0.5384615384615384,26.0,14.0,0.0,0.25,0.4166666666666667,36.0,11.0,0.0,0.0,0.4090909090909091,22.0,1.0,1.0
35757,45.0,2012-07-24,111,1.0,0.0,13.0,0.0,0.0,0.3684210526315789,19.0,2.0,1.0,1.0,0.5384615384615384,26.0,14.0,0.0,0.25,0.4166666666666667,36.0,11.0,0.0,0.0,0.4090909090909091,22.0,1.0,1.0,0.6666666666666666,0.53125,32.0,0.0,1.0
35564,38.0,2012-07-11,128,1.0,0.0,2.0,1.0,1.0,0.5384615384615384,26.0,14.0,0.0,0.25,0.4166666666666667,36.0,11.0,0.0,0.0,0.4090909090909091,22.0,1.0,1.0,0.6666666666666666,0.53125,32.0,1.0,1.0,1.0,0.631578947368421,19.0,1.0,0.0
35552,38.0,2012-07-09,128,1.0,0.0,14.0,0.0,0.25,0.4166666666666667,36.0,11.0,0.0,0.0,0.4090909090909091,22.0,1.0,1.0,0.6666666666666666,0.53125,32.0,1.0,1.0,1.0,0.631578947368421,19.0,14.0,0.0,0.0,0.21739130434782608,23.0,0.0,1.0
35451,37.0,2012-06-25,118,1.0,2.0,11.0,0.0,0.0,0.4090909090909091,22.0,1.0,1.0,0.6666666666666666,0.53125,32.0,1.0,1.0,1.0,0.631578947368421,19.0,14.0,0.0,0.0,0.21739130434782608,23.0,29.0,0.0,0.0,0.29411764705882354,17.0,0.0,0.0
35351,34.0,2012-06-14,120,1.0,2.0,1.0,1.0,0.6666666666666666,0.53125,32.0,1.0,1.0,1.0,0.631578947368421,19.0,14.0,0.0,0.0,0.21739130434782608,23.0,29.0,0.0,0.0,0.29411764705882354,17.0,13.0,0.0,0.0,0.3684210526315789,19.0,2.0,0.0
35335,34.0,2012-06-13,120,1.0,2.0,1.0,1.0,1.0,0.631578947368421,19.0,14.0,0.0,0.0,0.21739130434782608,23.0,29.0,0.0,0.0,0.29411764705882354,17.0,13.0,0.0,0.0,0.3684210526315789,19.0,26.0,0.0,0.0,0.25,16.0,1.0,1.0
35321,34.0,2012-06-12,120,1.0,2.0,14.0,0.0,0.0,0.21739130434782608,23.0,29.0,0.0,0.0,0.29411764705882354,17.0,13.0,0.0,0.0,0.3684210526315789,19.0,26.0,0.0,0.0,0.25,16.0,175.0,0.0,0.0,0.35,20.0,0.0,1.0
35210,32.0,2012-05-29,111,1.0,0.0,29.0,0.0,0.0,0.29411764705882354,17.0,13.0,0.0,0.0,0.3684210526315789,19.0,26.0,0.0,0.0,0.25,16.0,175.0,0.0,0.0,0.35,20.0,2.0,1.0,1.0,0.5384615384615384,26.0,0.0,0.0
34965,27.0,2012-04-30,98,1.0,0.0,13.0,0.0,0.0,0.3684210526315789,19.0,26.0,0.0,0.0,0.25,16.0,175.0,0.0,0.0,0.35,20.0,2.0,1.0,1.0,0.5384615384615384,26.0,70.0,0.0,0.0,0.38095238095238093,21.0,0.0,0.0
34823,23.0,2012-04-17,105,1.0,0.0,26.0,0.0,0.0,0.25,16.0,175.0,0.0,0.0,0.35,20.0,2.0,1.0,1.0,0.5384615384615384,26.0,70.0,0.0,0.0,0.38095238095238093,21.0,25.0,0.0,0.0,0.3333333333333333,27.0,0.0,0.0
34670,20.0,2012-03-22,109,1.0,3.0,175.0,0.0,0.0,0.35,20.0,2.0,1.0,1.0,0.5384615384615384,26.0,70.0,0.0,0.0,0.38095238095238093,21.0,25.0,0.0,0.0,0.3333333333333333,27.0,2.0,1.0,1.0,0.5714285714285714,35.0,0.0,0.0
33546,53.0,2011-09-29,138,0.0,3.0,2.0,1.0,1.0,0.5384615384615384,26.0,70.0,0.0,0.0,0.38095238095238093,21.0,25.0,0.0,0.0,0.3333333333333333,27.0,2.0,1.0,1.0,0.5714285714285714,35.0,2.0,1.0,1.0,0.59375,32.0,1.0,0.0
33534,53.0,2011-09-27,138,0.0,3.0,70.0,0.0,0.0,0.38095238095238093,21.0,25.0,0.0,0.0,0.3333333333333333,27.0,2.0,1.0,1.0,0.5714285714285714,35.0,2.0,1.0,1.0,0.59375,32.0,25.0,0.0,0.0,0.42857142857142855,35.0,0.0,1.0
32999,41.0,2011-07-19,119,1.0,0.0,25.0,0.0,0.0,0.3333333333333333,27.0,2.0,1.0,1.0,0.5714285714285714,35.0,2.0,1.0,1.0,0.59375,32.0,25.0,0.0,0.0,0.42857142857142855,35.0,3.0,1.0,0.75,0.6486486486486487,37.0,0.0,0.0
32841,36.0,2011-06-24,116,1.0,2.0,2.0,1.0,1.0,0.5714285714285714,35.0,2.0,1.0,1.0,0.59375,32.0,25.0,0.0,0.0,0.42857142857142855,35.0,3.0,1.0,0.75,0.6486486486486487,37.0,13.0,0.0,0.0,0.2777777777777778,18.0,2.0,0.0
32811,36.0,2011-06-22,116,1.0,2.0,2.0,1.0,1.0,0.59375,32.0,25.0,0.0,0.0,0.42857142857142855,35.0,3.0,1.0,0.75,0.6486486486486487,37.0,13.0,0.0,0.0,0.2777777777777778,18.0,14.0,0.0,0.0,0.44,25.0,1.0,1.0
32755,36.0,2011-06-20,116,1.0,2.0,25.0,0.0,0.0,0.42857142857142855,35.0,3.0,1.0,0.75,0.6486486486486487,37.0,13.0,0.0,0.0,0.2777777777777778,18.0,14.0,0.0,0.0,0.44,25.0,21.0,0.0,0.0,0.25,16.0,0.0,1.0
32555,31.0,2011-05-26,126,1.0,0.0,3.0,1.0,0.75,0.6486486486486487,37.0,13.0,0.0,0.0,0.2777777777777778,18.0,14.0,0.0,0.0,0.44,25.0,21.0,0.0,0.0,0.25,16.0,92.0,0.0,0.0,0.25,16.0,1.0,0.0
32502,31.0,2011-05-23,126,1.0,0.0,13.0,0.0,0.0,0.2777777777777778,18.0,14.0,0.0,0.0,0.44,25.0,21.0,0.0,0.0,0.25,16.0,92.0,0.0,0.0,0.25,16.0,159.0,0.0,0.3333333333333333,0.42424242424242425,33.0,0.0,1.0
32405,29.0,2011-05-10,107,1.0,0.0,14.0,0.0,0.0,0.44,25.0,21.0,0.0,0.0,0.25,16.0,92.0,0.0,0.0,0.25,16.0,159.0,0.0,0.3333333333333333,0.42424242424242425,33.0,1.0,1.0,1.0,0.5909090909090909,22.0,0.0,0.0
32306,27.0,2011-04-26,122,1.0,0.0,21.0,0.0,0.0,0.25,16.0,92.0,0.0,0.0,0.25,16.0,159.0,0.0,0.3333333333333333,0.42424242424242425,33.0,1.0,1.0,1.0,0.5909090909090909,22.0,6.0,0.0,0.3333333333333333,0.4,25.0,0.0,0.0
32092,21.0,2011-04-05,114,1.0,0.0,92.0,0.0,0.0,0.25,16.0,159.0,0.0,0.3333333333333333,0.42424242424242425,33.0,1.0,1.0,1.0,0.5909090909090909,22.0,6.0,0.0,0.3333333333333333,0.4,25.0,2.0,1.0,1.0,0.5384615384615384,26.0,0.0,0.0
31291,2.0,2011-01-03,107,1.0,3.0,159.0,0.0,0.3333333333333333,0.42424242424242425,33.0,1.0,1.0,1.0,0.5909090909090909,22.0,6.0,0.0,0.3333333333333333,0.4,25.0,2.0,1.0,1.0,0.5384615384615384,26.0,56.0,0.0,0.0,0.3870967741935484,31.0,0.0,0.0
30426,44.0,2010-07-28,109,1.0,0.0,1.0,1.0,1.0,0.5909090909090909,22.0,6.0,0.0,0.3333333333333333,0.4,25.0,2.0,1.0,1.0,0.5384615384615384,26.0,56.0,0.0,0.0,0.3870967741935484,31.0,26.0,0.0,0.0,0.4090909090909091,22.0,1.0,0.0
30421,44.0,2010-07-27,109,1.0,0.0,6.0,0.0,0.3333333333333333,0.4,25.0,2.0,1.0,1.0,0.5384615384615384,26.0,56.0,0.0,0.0,0.3870967741935484,31.0,26.0,0.0,0.0,0.4090909090909091,22.0,1.0,1.0,1.0,0.7058823529411765,17.0,0.0,1.0
30337,41.0,2010-07-21,111,1.0,0.0,2.0,1.0,1.0,0.5384615384615384,26.0,56.0,0.0,0.0,0.3870967741935484,31.0,26.0,0.0,0.0,0.4090909090909091,22.0,1.0,1.0,1.0,0.7058823529411765,17.0,5.0,0.0,0.0,0.0,9.0,1.0,0.0
30318,41.0,2010-07-19,111,1.0,0.0,56.0,0.0,0.0,0.3870967741935484,31.0,26.0,0.0,0.0,0.4090909090909091,22.0,1.0,1.0,1.0,0.7058823529411765,17.0,5.0,0.0,0.0,0.0,9.0,1.0,1.0,1.0,0.5384615384615384,26.0,0.0,1.0
29824,31.0,2010-05-24,126,1.0,0.0,26.0,0.0,0.0,0.4090909090909091,22.0,1.0,1.0,1.0,0.7058823529411765,17.0,5.0,0.0,0.0,0.0,9.0,1.0,1.0,1.0,0.5384615384615384,26.0,1.0,1.0,0.5,0.5555555555555556,27.0,0.0,0.0
29610,25.0,2010-04-28,124,1.0,0.0,1.0,1.0,1.0,0.7058823529411765,17.0,5.0,0.0,0.0,0.0,9.0,1.0,1.0,1.0,0.5384615384615384,26.0,1.0,1.0,0.5,0.5555555555555556,27.0,9.0,0.0,0.0,0.3684210526315789,19.0,1.0,0.0
29595,25.0,2010-04-27,124,1.0,0.0,5.0,0.0,0.0,0.0,9.0,1.0,1.0,1.0,0.5384615384615384,26.0,1.0,1.0,0.5,0.5555555555555556,27.0,9.0,0.0,0.0,0.3684210526315789,19.0,48.0,0.0,0.0,0.3157894736842105,19.0,0.0,1.0
29563,24.0,2010-04-22,143,1.0,0.0,1.0,1.0,1.0,0.5384615384615384,26.0,1.0,1.0,0.5,0.5555555555555556,27.0,9.0,0.0,0.0,0.3684210526315789,19.0,48.0,0.0,0.0,0.3157894736842105,19.0,6.0,0.0,0.3333333333333333,0.4642857142857143,28.0,2.0,0.0
29558,24.0,2010-04-21,143,1.0,0.0,1.0,1.0,0.5,0.5555555555555556,27.0,9.0,0.0,0.0,0.3684210526315789,19.0,48.0,0.0,0.0,0.3157894736842105,19.0,6.0,0.0,0.3333333333333333,0.4642857142857143,28.0,15.0,0.0,0.0,0.3333333333333333,18.0,1.0,1.0
29540,24.0,2010-04-20,143,1.0,0.0,9.0,0.0,0.0,0.3684210526315789,19.0,48.0,0.0,0.0,0.3157894736842105,19.0,6.0,0.0,0.3333333333333333,0.4642857142857143,28.0,15.0,0.0,0.0,0.3333333333333333,18.0,13.0,0.0,0.0,0.42857142857142855,35.0,0.0,1.0
29466,23.0,2010-04-11,114,1.0,0.0,48.0,0.0,0.0,0.3157894736842105,19.0,6.0,0.0,0.3333333333333333,0.4642857142857143,28.0,15.0,0.0,0.0,0.3333333333333333,18.0,13.0,0.0,0.0,0.42857142857142855,35.0,14.0,0.0,0.0,0.3333333333333333,18.0,0.0,0.0
29191,18.0,2010-02-22,117,1.0,3.0,6.0,0.0,0.3333333333333333,0.4642857142857143,28.0,15.0,0.0,0.0,0.3333333333333333,18.0,13.0,0.0,0.0,0.42857142857142855,35.0,14.0,0.0,0.0,0.3333333333333333,18.0,69.0,0.0,0.0,0.46153846153846156,26.0,0.0,0.0
29074,14.0,2010-02-16,110,0.0,3.0,15.0,0.0,0.0,0.3333333333333333,18.0,13.0,0.0,0.0,0.42857142857142855,35.0,14.0,0.0,0.0,0.3333333333333333,18.0,69.0,0.0,0.0,0.46153846153846156,26.0,36.0,0.0,0.0,0.3684210526315789,19.0,0.0,0.0
28920,9.0,2010-02-01,109,0.0,3.0,13.0,0.0,0.0,0.42857142857142855,35.0,14.0,0.0,0.0,0.3333333333333333,18.0,69.0,0.0,0.0,0.46153846153846156,26.0,36.0,0.0,0.0,0.3684210526315789,19.0,22.0,0.0,0.0,0.4,30.0,0.0,0.0
28760,6.0,2010-01-19,98,1.0,3.0,14.0,0.0,0.0,0.3333333333333333,18.0,69.0,0.0,0.0,0.46153846153846156,26.0,36.0,0.0,0.0,0.3684210526315789,19.0,22.0,0.0,0.0,0.4,30.0,5.0,0.0,0.0,0.3333333333333333,18.0,0.0,0.0
28655,3.0,2010-01-05,93,1.0,3.0,69.0,0.0,0.0,0.46153846153846156,26.0,36.0,0.0,0.0,0.3684210526315789,19.0,22.0,0.0,0.0,0.4,30.0,5.0,0.0,0.0,0.3333333333333333,18.0,1.0,1.0,1.0,0.6,20.0,0.0,0.0
28378,58.0,2009-10-28,72,0.0,3.0,36.0,0.0,0.0,0.3684210526315789,19.0,22.0,0.0,0.0,0.4,30.0,5.0,0.0,0.0,0.3333333333333333,18.0,1.0,1.0,1.0,0.6,20.0,1.0,1.0,1.0,0.631578947368421,19.0,0.0,0.0
28079,50.0,2009-09-22,63,1.0,0.0,22.0,0.0,0.0,0.4,30.0,5.0,0.0,0.0,0.3333333333333333,18.0,1.0,1.0,1.0,0.6,20.0,1.0,1.0,1.0,0.631578947368421,19.0,6.0,0.0,0.0,0.4090909090909091,22.0,0.0,0.0
27967,49.0,2009-08-31,67,1.0,3.0,5.0,0.0,0.0,0.3333333333333333,18.0,1.0,1.0,1.0,0.6,20.0,1.0,1.0,1.0,0.631578947368421,19.0,6.0,0.0,0.0,0.4090909090909091,22.0,18.0,0.0,0.0,0.35,20.0,0.0,0.0
27931,48.0,2009-08-26,67,1.0,3.0,1.0,1.0,1.0,0.6,20.0,1.0,1.0,1.0,0.631578947368421,19.0,6.0,0.0,0.0,0.4090909090909091,22.0,18.0,0.0,0.0,0.35,20.0,1.0,1.0,1.0,0.631578947368421,19.0,2.0,0.0
27920,48.0,2009-08-25,67,1.0,3.0,1.0,1.0,1.0,0.631578947368421,19.0,6.0,0.0,0.0,0.4090909090909091,22.0,18.0,0.0,0.0,0.35,20.0,1.0,1.0,1.0,0.631578947368421,19.0,2.0,1.0,0.6666666666666666,0.5714285714285714,28.0,1.0,1.0
27904,48.0,2009-08-24,67,1.0,3.0,6.0,0.0,0.0,0.4090909090909091,22.0,18.0,0.0,0.0,0.35,20.0,1.0,1.0,1.0,0.631578947368421,19.0,2.0,1.0,0.6666666666666666,0.5714285714285714,28.0,34.0,0.0,0.0,0.0,0.0,0.0,1.0
27865,47.0,2009-08-18,71,1.0,3.0,18.0,0.0,0.0,0.35,20.0,1.0,1.0,1.0,0.631578947368421,19.0,2.0,1.0,0.6666666666666666,0.5714285714285714,28.0,34.0,0.0,0.0,0.0,0.0,2.0,1.0,0.6,0.5094339622641509,53.0,0.0,0.0
27736,44.0,2009-07-31,69,1.0,0.0,1.0,1.0,1.0,0.631578947368421,19.0,2.0,1.0,0.6666666666666666,0.5714285714285714,28.0,34.0,0.0,0.0,0.0,0.0,2.0,1.0,0.6,0.5094339622641509,53.0,13.0,0.0,0.0,0.35,20.0,2.0,0.0
27727,44.0,2009-07-30,69,1.0,0.0,2.0,1.0,0.6666666666666666,0.5714285714285714,28.0,34.0,0.0,0.0,0.0,0.0,2.0,1.0,0.6,0.5094339622641509,53.0,13.0,0.0,0.0,0.35,20.0,12.0,0.0,0.4,0.4090909090909091,44.0,1.0,1.0
27715,44.0,2009-07-28,69,1.0,0.0,34.0,0.0,0.0,0.0,0.0,2.0,1.0,0.6,0.5094339622641509,53.0,13.0,0.0,0.0,0.35,20.0,12.0,0.0,0.4,0.4090909090909091,44.0,3.0,1.0,0.6,0.5294117647058824,51.0,0.0,1.0
27430,36.0,2009-06-24,63,1.0,2.0,2.0,1.0,0.6,0.5094339622641509,53.0,13.0,0.0,0.0,0.35,20.0,12.0,0.0,0.4,0.4090909090909091,44.0,3.0,1.0,0.6,0.5294117647058824,51.0,13.0,0.0,0.0,0.43478260869565216,23.0,1.0,0.0
27368,36.0,2009-06-22,63,1.0,2.0,13.0,0.0,0.0,0.35,20.0,12.0,0.0,0.4,0.4090909090909091,44.0,3.0,1.0,0.6,0.5294117647058824,51.0,13.0,0.0,0.0,0.43478260869565216,23.0,1.0,1.0,1.0,0.56,25.0,0.0,1.0
27219,32.0,2009-06-09,66,1.0,2.0,12.0,0.0,0.4,0.4090909090909091,44.0,3.0,1.0,0.6,0.5294117647058824,51.0,13.0,0.0,0.0,0.43478260869565216,23.0,1.0,1.0,1.0,0.56,25.0,4.0,0.0,0.0,0.43478260869565216,23.0,0.0,0.0
27164,31.0,2009-05-28,58,1.0,0.0,3.0,1.0,0.6,0.5294117647058824,51.0,13.0,0.0,0.0,0.43478260869565216,23.0,1.0,1.0,1.0,0.56,25.0,4.0,0.0,0.0,0.43478260869565216,23.0,2.0,1.0,0.6666666666666666,0.5769230769230769,26.0,1.0,0.0
27119,31.0,2009-05-25,58,1.0,0.0,13.0,0.0,0.0,0.43478260869565216,23.0,1.0,1.0,1.0,0.56,25.0,4.0,0.0,0.0,0.43478260869565216,23.0,2.0,1.0,0.6666666666666666,0.5769230769230769,26.0,7.0,0.0,0.3333333333333333,0.30434782608695654,23.0,0.0,1.0
27024,29.0,2009-05-12,61,1.0,0.0,1.0,1.0,1.0,0.56,25.0,4.0,0.0,0.0,0.43478260869565216,23.0,2.0,1.0,0.6666666666666666,0.5769230769230769,26.0,7.0,0.0,0.3333333333333333,0.30434782608695654,23.0,11.0,0.0,0.0,0.44,25.0,1.0,0.0
27007,29.0,2009-05-11,61,1.0,0.0,4.0,0.0,0.0,0.43478260869565216,23.0,2.0,1.0,0.6666666666666666,0.5769230769230769,26.0,7.0,0.0,0.3333333333333333,0.30434782608695654,23.0,11.0,0.0,0.0,0.44,25.0,2.0,1.0,1.0,0.6190476190476191,21.0,0.0,1.0
26986,28.0,2009-05-07,50,1.0,0.0,2.0,1.0,0.6666666666666666,0.5769230769230769,26.0,7.0,0.0,0.3333333333333333,0.30434782608695654,23.0,11.0,0.0,0.0,0.44,25.0,2.0,1.0,1.0,0.6190476190476191,21.0,3.0,1.0,0.6666666666666666,0.5,26.0,1.0,0.0
26980,28.0,2009-05-05,50,1.0,0.0,7.0,0.0,0.3333333333333333,0.30434782608695654,23.0,11.0,0.0,0.0,0.44,25.0,2.0,1.0,1.0,0.6190476190476191,21.0,3.0,1.0,0.6666666666666666,0.5,26.0,17.0,0.0,0.3333333333333333,0.4666666666666667,30.0,0.0,1.0
26863,25.0,2009-04-28,41,1.0,0.0,11.0,0.0,0.0,0.44,25.0,2.0,1.0,1.0,0.6190476190476191,21.0,3.0,1.0,0.6666666666666666,0.5,26.0,17.0,0.0,0.3333333333333333,0.4666666666666667,30.0,14.0,0.0,0.0,0.38095238095238093,21.0,0.0,0.0
26788,23.0,2009-04-17,41,1.0,0.0,2.0,1.0,1.0,0.6190476190476191,21.0,3.0,1.0,0.6666666666666666,0.5,26.0,17.0,0.0,0.3333333333333333,0.4666666666666667,30.0,14.0,0.0,0.0,0.38095238095238093,21.0,15.0,0.0,0.3333333333333333,0.45714285714285713,35.0,2.0,0.0
26771,23.0,2009-04-15,41,1.0,0.0,3.0,1.0,0.6666666666666666,0.5,26.0,17.0,0.0,0.3333333333333333,0.4666666666666667,30.0,14.0,0.0,0.0,0.38095238095238093,21.0,15.0,0.0,0.3333333333333333,0.45714285714285713,35.0,1.0,1.0,1.0,0.631578947368421,19.0,1.0,1.0
26744,23.0,2009-04-12,41,1.0,0.0,17.0,0.0,0.3333333333333333,0.4666666666666667,30.0,14.0,0.0,0.0,0.38095238095238093,21.0,15.0,0.0,0.3333333333333333,0.45714285714285713,35.0,1.0,1.0,1.0,0.631578947368421,19.0,5.0,0.0,0.0,0.29411764705882354,17.0,0.0,1.0
26602,20.0,2009-03-26,40,1.0,3.0,14.0,0.0,0.0,0.38095238095238093,21.0,15.0,0.0,0.3333333333333333,0.45714285714285713,35.0,1.0,1.0,1.0,0.631578947368421,19.0,5.0,0.0,0.0,0.29411764705882354,17.0,2.0,1.0,1.0,0.5384615384615384,26.0,0.0,0.0
26495,19.0,2009-03-12,40,1.0,3.0,15.0,0.0,0.3333333333333333,0.45714285714285713,35.0,1.0,1.0,1.0,0.631578947368421,19.0,5.0,0.0,0.0,0.29411764705882354,17.0,2.0,1.0,1.0,0.5384615384615384,26.0,6.0,0.0,0.3333333333333333,0.43333333333333335,30.0,0.0,0.0
26480,18.0,2009-02-25,36,1.0,3.0,1.0,1.0,1.0,0.631578947368421,19.0,5.0,0.0,0.0,0.29411764705882354,17.0,2.0,1.0,1.0,0.5384615384615384,26.0,6.0,0.0,0.3333333333333333,0.43333333333333335,30.0,8.0,0.0,0.0,0.3684210526315789,19.0,1.0,0.0
26469,18.0,2009-02-24,36,1.0,3.0,5.0,0.0,0.0,0.29411764705882354,17.0,2.0,1.0,1.0,0.5384615384615384,26.0,6.0,0.0,0.3333333333333333,0.43333333333333335,30.0,8.0,0.0,0.0,0.3684210526315789,19.0,13.0,0.0,0.0,0.3448275862068966,29.0,0.0,1.0
26358,14.0,2009-02-19,38,0.0,3.0,2.0,1.0,1.0,0.5384615384615384,26.0,6.0,0.0,0.3333333333333333,0.43333333333333335,30.0,8.0,0.0,0.0,0.3684210526315789,19.0,13.0,0.0,0.0,0.3448275862068966,29.0,2.0,1.0,1.0,0.5526315789473685,38.0,1.0,0.0
26343,14.0,2009-02-17,38,0.0,3.0,6.0,0.0,0.3333333333333333,0.43333333333333335,30.0,8.0,0.0,0.0,0.3684210526315789,19.0,13.0,0.0,0.0,0.3448275862068966,29.0,2.0,1.0,1.0,0.5526315789473685,38.0,5.0,0.0,0.0,0.29411764705882354,17.0,0.0,1.0
26258,11.0,2009-02-11,37,0.0,3.0,8.0,0.0,0.0,0.3684210526315789,19.0,13.0,0.0,0.0,0.3448275862068966,29.0,2.0,1.0,1.0,0.5526315789473685,38.0,5.0,0.0,0.0,0.29411764705882354,17.0,2.0,1.0,1.0,0.5652173913043478,23.0,0.0,0.0
26187,9.0,2009-02-03,37,0.0,1.0,13.0,0.0,0.0,0.3448275862068966,29.0,2.0,1.0,1.0,0.5526315789473685,38.0,5.0,0.0,0.0,0.29411764705882354,17.0,2.0,1.0,1.0,0.5652173913043478,23.0,75.0,0.0,0.3333333333333333,0.4375,32.0,0.0,0.0
26070,6.0,2009-01-21,39,1.0,3.0,2.0,1.0,1.0,0.5526315789473685,38.0,5.0,0.0,0.0,0.29411764705882354,17.0,2.0,1.0,1.0,0.5652173913043478,23.0,75.0,0.0,0.3333333333333333,0.4375,32.0,2.0,1.0,1.0,0.5909090909090909,22.0,1.0,0.0
26020,6.0,2009-01-19,39,1.0,3.0,5.0,0.0,0.0,0.29411764705882354,17.0,2.0,1.0,1.0,0.5652173913043478,23.0,75.0,0.0,0.3333333333333333,0.4375,32.0,2.0,1.0,1.0,0.5909090909090909,22.0,3.0,0.0,0.0,0.29411764705882354,17.0,0.0,1.0
25981,5.0,2009-01-14,38,1.0,3.0,2.0,1.0,1.0,0.5652173913043478,23.0,75.0,0.0,0.3333333333333333,0.4375,32.0,2.0,1.0,1.0,0.5909090909090909,22.0,3.0,0.0,0.0,0.29411764705882354,17.0,1.0,1.0,1.0,0.6666666666666666,18.0,1.0,0.0
25972,5.0,2009-01-12,38,1.0,3.0,75.0,0.0,0.3333333333333333,0.4375,32.0,2.0,1.0,1.0,0.5909090909090909,22.0,3.0,0.0,0.0,0.29411764705882354,17.0,1.0,1.0,1.0,0.6666666666666666,18.0,2.0,1.0,1.0,0.5909090909090909,22.0,0.0,1.0
25816,64.0,2008-10-29,39,0.0,1.0,2.0,1.0,1.0,0.5909090909090909,22.0,3.0,0.0,0.0,0.29411764705882354,17.0,1.0,1.0,1.0,0.6666666666666666,18.0,2.0,1.0,1.0,0.5909090909090909,22.0,7.0,0.0,0.0,0.1111111111111111,9.0,1.0,0.0
25793,64.0,2008-10-27,39,0.0,1.0,3.0,0.0,0.0,0.29411764705882354,17.0,1.0,1.0,1.0,0.6666666666666666,18.0,2.0,1.0,1.0,0.5909090909090909,22.0,7.0,0.0,0.0,0.1111111111111111,9.0,1.0,1.0,1.0,0.65,20.0,0.0,1.0
25721,61.0,2008-10-24,42,0.0,1.0,1.0,1.0,1.0,0.6666666666666666,18.0,2.0,1.0,1.0,0.5909090909090909,22.0,7.0,0.0,0.0,0.1111111111111111,9.0,1.0,1.0,1.0,0.65,20.0,6.0,0.0,0.3333333333333333,0.45161290322580644,31.0,2.0,0.0
25714,61.0,2008-10-23,42,0.0,1.0,2.0,1.0,1.0,0.5909090909090909,22.0,7.0,0.0,0.0,0.1111111111111111,9.0,1.0,1.0,1.0,0.65,20.0,6.0,0.0,0.3333333333333333,0.45161290322580644,31.0,6.0,0.0,0.3333333333333333,0.5,36.0,1.0,1.0
25699,61.0,2008-10-21,42,0.0,1.0,7.0,0.0,0.0,0.1111111111111111,9.0,1.0,1.0,1.0,0.65,20.0,6.0,0.0,0.3333333333333333,0.45161290322580644,31.0,6.0,0.0,0.3333333333333333,0.5,36.0,6.0,0.0,0.0,0.3157894736842105,19.0,0.0,1.0
25665,60.0,2008-10-14,43,0.0,3.0,1.0,1.0,1.0,0.65,20.0,6.0,0.0,0.3333333333333333,0.45161290322580644,31.0,6.0,0.0,0.3333333333333333,0.5,36.0,6.0,0.0,0.0,0.3157894736842105,19.0,1.0,1.0,1.0,0.6666666666666666,18.0,1.0,0.0
25650,60.0,2008-10-13,43,0.0,3.0,6.0,0.0,0.3333333333333333,0.45161290322580644,31.0,6.0,0.0,0.3333333333333333,0.5,36.0,6.0,0.0,0.0,0.3157894736842105,19.0,1.0,1.0,1.0,0.6666666666666666,18.0,30.0,0.0,0.0,0.3870967741935484,31.0,0.0,1.0
25625,59.0,2008-10-07,46,0.0,3.0,6.0,0.0,0.3333333333333333,0.5,36.0,6.0,0.0,0.0,0.3157894736842105,19.0,1.0,1.0,1.0,0.6666666666666666,18.0,30.0,0.0,0.0,0.3870967741935484,31.0,6.0,0.0,0.3333333333333333,0.43333333333333335,30.0,0.0,0.0
25525,56.0,2008-10-01,46,1.0,3.0,6.0,0.0,0.0,0.3157894736842105,19.0,1.0,1.0,1.0,0.6666666666666666,18.0,30.0,0.0,0.0,0.3870967741935484,31.0,6.0,0.0,0.3333333333333333,0.43333333333333335,30.0,20.0,0.0,0.0,0.46153846153846156,26.0,0.0,0.0
25441,53.0,2008-09-25,45,0.0,3.0,1.0,1.0,1.0,0.6666666666666666,18.0,30.0,0.0,0.0,0.3870967741935484,31.0,6.0,0.0,0.3333333333333333,0.43333333333333335,30.0,20.0,0.0,0.0,0.46153846153846156,26.0,1.0,1.0,1.0,0.5909090909090909,22.0,1.0,0.0
25430,53.0,2008-09-24,45,0.0,3.0,30.0,0.0,0.0,0.3870967741935484,31.0,6.0,0.0,0.3333333333333333,0.43333333333333335,30.0,20.0,0.0,0.0,0.46153846153846156,26.0,1.0,1.0,1.0,0.5909090909090909,22.0,8.0,0.0,0.0,0.43478260869565216,23.0,0.0,1.0
25272,51.0,2008-08-25,47,1.0,3.0,6.0,0.0,0.3333333333333333,0.43333333333333335,30.0,20.0,0.0,0.0,0.46153846153846156,26.0,1.0,1.0,1.0,0.5909090909090909,22.0,8.0,0.0,0.0,0.43478260869565216,23.0,11.0,0.0,0.3333333333333333,0.4444444444444444,27.0,0.0,0.0
25239,50.0,2008-08-19,47,1.0,3.0,20.0,0.0,0.0,0.46153846153846156,26.0,1.0,1.0,1.0,0.5909090909090909,22.0,8.0,0.0,0.0,0.43478260869565216,23.0,11.0,0.0,0.3333333333333333,0.4444444444444444,27.0,1.0,1.0,0.6666666666666666,0.5806451612903226,31.0,0.0,0.0
25137,47.0,2008-07-30,50,1.0,3.0,1.0,1.0,1.0,0.5909090909090909,22.0,8.0,0.0,0.0,0.43478260869565216,23.0,11.0,0.0,0.3333333333333333,0.4444444444444444,27.0,1.0,1.0,0.6666666666666666,0.5806451612903226,31.0,12.0,0.0,0.0,0.3448275862068966,29.0,1.0,0.0
25125,47.0,2008-07-29,50,1.0,3.0,8.0,0.0,0.0,0.43478260869565216,23.0,11.0,0.0,0.3333333333333333,0.4444444444444444,27.0,1.0,1.0,0.6666666666666666,0.5806451612903226,31.0,12.0,0.0,0.0,0.3448275862068966,29.0,2.0,1.0,0.75,0.5,48.0,0.0,1.0
25050,46.0,2008-07-21,48,1.0,3.0,11.0,0.0,0.3333333333333333,0.4444444444444444,27.0,1.0,1.0,0.6666666666666666,0.5806451612903226,31.0,12.0,0.0,0.0,0.3448275862068966,29.0,2.0,1.0,0.75,0.5,48.0,2.0,1.0,0.75,0.5333333333333333,45.0,0.0,0.0
24923,41.0,2008-07-10,47,1.0,0.0,1.0,1.0,0.6666666666666666,0.5806451612903226,31.0,12.0,0.0,0.0,0.3448275862068966,29.0,2.0,1.0,0.75,0.5,48.0,2.0,1.0,0.75,0.5333333333333333,45.0,7.0,0.0,0.0,0.29411764705882354,17.0,1.0,0.0
24917,41.0,2008-07-09,47,1.0,0.0,12.0,0.0,0.0,0.3448275862068966,29.0,2.0,1.0,0.75,0.5,48.0,2.0,1.0,0.75,0.5333333333333333,45.0,7.0,0.0,0.0,0.29411764705882354,17.0,5.0,0.0,0.0,0.3333333333333333,18.0,0.0,1.0
24794,37.0,2008-06-27,46,1.0,2.0,2.0,1.0,0.75,0.5,48.0,2.0,1.0,0.75,0.5333333333333333,45.0,7.0,0.0,0.0,0.29411764705882354,17.0,5.0,0.0,0.0,0.3333333333333333,18.0,1.0,1.0,0.0,0.5,4.0,2.0,0.0
24768,37.0,2008-06-25,46,1.0,2.0,2.0,1.0,0.75,0.5333333333333333,45.0,7.0,0.0,0.0,0.29411764705882354,17.0,5.0,0.0,0.0,0.3333333333333333,18.0,1.0,1.0,0.0,0.5,4.0,11.0,0.0,0.0,0.4444444444444444,36.0,1.0,1.0
24709,37.0,2008-06-23,46,1.0,2.0,7.0,0.0,0.0,0.29411764705882354,17.0,5.0,0.0,0.0,0.3333333333333333,18.0,1.0,1.0,0.0,0.5,4.0,11.0,0.0,0.0,0.4444444444444444,36.0,2.0,1.0,0.75,0.5476190476190477,42.0,0.0,1.0
24667,36.0,2008-06-16,47,1.0,2.0,5.0,0.0,0.0,0.3333333333333333,18.0,1.0,1.0,0.0,0.5,4.0,11.0,0.0,0.0,0.4444444444444444,36.0,2.0,1.0,0.75,0.5476190476190477,42.0,2.0,1.0,1.0,0.6923076923076923,26.0,0.0,0.0
24579,33.0,2008-06-11,47,1.0,2.0,1.0,1.0,0.0,0.5,4.0,11.0,0.0,0.0,0.4444444444444444,36.0,2.0,1.0,0.75,0.5476190476190477,42.0,2.0,1.0,1.0,0.6923076923076923,26.0,12.0,0.0,0.0,0.2,15.0,1.0,0.0
24567,33.0,2008-06-10,47,1.0,2.0,11.0,0.0,0.0,0.4444444444444444,36.0,2.0,1.0,0.75,0.5476190476190477,42.0,2.0,1.0,1.0,0.6923076923076923,26.0,12.0,0.0,0.0,0.2,15.0,2.0,1.0,1.0,0.65,20.0,0.0,1.0
24490,31.0,2008-05-30,47,1.0,0.0,2.0,1.0,0.75,0.5476190476190477,42.0,2.0,1.0,1.0,0.6923076923076923,26.0,12.0,0.0,0.0,0.2,15.0,2.0,1.0,1.0,0.65,20.0,4.0,0.0,0.0,0.4090909090909091,22.0,2.0,0.0
24458,31.0,2008-05-28,47,1.0,0.0,2.0,1.0,1.0,0.6923076923076923,26.0,12.0,0.0,0.0,0.2,15.0,2.0,1.0,1.0,0.65,20.0,4.0,0.0,0.0,0.4090909090909091,22.0,1.0,1.0,1.0,0.6,20.0,1.0,1.0
24409,31.0,2008-05-26,47,1.0,0.0,12.0,0.0,0.0,0.2,15.0,2.0,1.0,1.0,0.65,20.0,4.0,0.0,0.0,0.4090909090909091,22.0,1.0,1.0,1.0,0.6,20.0,1.0,1.0,1.0,0.8,15.0,0.0,1.0
24304,28.0,2008-05-14,49,1.0,0.0,2.0,1.0,1.0,0.65,20.0,4.0,0.0,0.0,0.4090909090909091,22.0,1.0,1.0,1.0,0.6,20.0,1.0,1.0,1.0,0.8,15.0,2.0,0.0,0.3333333333333333,0.45714285714285713,35.0,1.0,0.0
24282,28.0,2008-05-12,49,1.0,0.0,4.0,0.0,0.0,0.4090909090909091,22.0,1.0,1.0,1.0,0.6,20.0,1.0,1.0,1.0,0.8,15.0,2.0,0.0,0.3333333333333333,0.45714285714285713,35.0,1.0,0.0,0.3333333333333333,0.5,36.0,0.0,1.0
24265,27.0,2008-05-08,55,1.0,0.0,1.0,1.0,1.0,0.6,20.0,1.0,1.0,1.0,0.8,15.0,2.0,0.0,0.3333333333333333,0.45714285714285713,35.0,1.0,0.0,0.3333333333333333,0.5,36.0,1.0,0.0,0.0,0.5652173913043478,23.0,2.0,0.0
24254,27.0,2008-05-07,55,1.0,0.0,1.0,1.0,1.0,0.8,15.0,2.0,0.0,0.3333333333333333,0.45714285714285713,35.0,1.0,0.0,0.3333333333333333,0.5,36.0,1.0,0.0,0.0,0.5652173913043478,23.0,2.0,1.0,1.0,0.5909090909090909,22.0,1.0,1.0
24242,27.0,2008-05-06,55,1.0,0.0,2.0,0.0,0.3333333333333333,0.45714285714285713,35.0,1.0,0.0,0.3333333333333333,0.5,36.0,1.0,0.0,0.0,0.5652173913043478,23.0,2.0,1.0,1.0,0.5909090909090909,22.0,2.0,1.0,1.0,0.6666666666666666,18.0,0.0,1.0
24219,26.0,2008-05-04,58,1.0,0.0,1.0,0.0,0.3333333333333333,0.5,36.0,1.0,0.0,0.0,0.5652173913043478,23.0,2.0,1.0,1.0,0.5909090909090909,22.0,2.0,1.0,1.0,0.6666666666666666,18.0,5.0,0.0,0.0,0.38095238095238093,21.0,4.0,0.0
24218,26.0,2008-05-03,58,1.0,0.0,1.0,0.0,0.0,0.5652173913043478,23.0,2.0,1.0,1.0,0.5909090909090909,22.0,2.0,1.0,1.0,0.6666666666666666,18.0,5.0,0.0,0.0,0.38095238095238093,21.0,1.0,1.0,1.0,0.75,16.0,3.0,0.0
24215,26.0,2008-05-02,58,1.0,0.0,2.0,1.0,1.0,0.5909090909090909,22.0,2.0,1.0,1.0,0.6666666666666666,18.0,5.0,0.0,0.0,0.38095238095238093,21.0,1.0,1.0,1.0,0.75,16.0,7.0,0.0,0.0,0.25,16.0,2.0,0.0
24208,26.0,2008-04-30,58,1.0,0.0,2.0,1.0,1.0,0.6666666666666666,18.0,5.0,0.0,0.0,0.38095238095238093,21.0,1.0,1.0,1.0,0.75,16.0,7.0,0.0,0.0,0.25,16.0,15.0,0.0,0.3333333333333333,0.40625,32.0,1.0,1.0
24194,26.0,2008-04-28,58,1.0,0.0,5.0,0.0,0.0,0.38095238095238093,21.0,1.0,1.0,1.0,0.75,16.0,7.0,0.0,0.0,0.25,16.0,15.0,0.0,0.3333333333333333,0.40625,32.0,2.0,1.0,1.0,0.631578947368421,19.0,0.0,1.0
24105,24.0,2008-04-23,66,1.0,0.0,1.0,1.0,1.0,0.75,16.0,7.0,0.0,0.0,0.25,16.0,15.0,0.0,0.3333333333333333,0.40625,32.0,2.0,1.0,1.0,0.631578947368421,19.0,2.0,1.0,1.0,0.6190476190476191,21.0,1.0,0.0
24093,24.0,2008-04-22,66,1.0,0.0,7.0,0.0,0.0,0.25,16.0,15.0,0.0,0.3333333333333333,0.40625,32.0,2.0,1.0,1.0,0.631578947368421,19.0,2.0,1.0,1.0,0.6190476190476191,21.0,13.0,0.0,0.3333333333333333,0.45714285714285713,35.0,0.0,1.0
24057,23.0,2008-04-15,64,1.0,0.0,15.0,0.0,0.3333333333333333,0.40625,32.0,2.0,1.0,1.0,0.631578947368421,19.0,2.0,1.0,1.0,0.6190476190476191,21.0,13.0,0.0,0.3333333333333333,0.45714285714285713,35.0,14.0,0.0,0.0,0.4,20.0,0.0,0.0
23963,20.0,2008-03-31,55,1.0,3.0,2.0,1.0,1.0,0.631578947368421,19.0,2.0,1.0,1.0,0.6190476190476191,21.0,13.0,0.0,0.3333333333333333,0.45714285714285713,35.0,14.0,0.0,0.0,0.4,20.0,1.0,1.0,1.0,0.5652173913043478,23.0,2.0,0.0
23940,20.0,2008-03-29,55,1.0,3.0,2.0,1.0,1.0,0.6190476190476191,21.0,13.0,0.0,0.3333333333333333,0.45714285714285713,35.0,14.0,0.0,0.0,0.4,20.0,1.0,1.0,1.0,0.5652173913043478,23.0,1.0,1.0,1.0,0.631578947368421,19.0,1.0,1.0
23918,20.0,2008-03-27,55,1.0,3.0,13.0,0.0,0.3333333333333333,0.45714285714285713,35.0,14.0,0.0,0.0,0.4,20.0,1.0,1.0,1.0,0.5652173913043478,23.0,1.0,1.0,1.0,0.631578947368421,19.0,2.0,1.0,1.0,0.7058823529411765,17.0,0.0,1.0
23816,19.0,2008-03-14,54,1.0,3.0,14.0,0.0,0.0,0.4,20.0,1.0,1.0,1.0,0.5652173913043478,23.0,1.0,1.0,1.0,0.631578947368421,19.0,2.0,1.0,1.0,0.7058823529411765,17.0,6.0,0.0,0.0,0.4090909090909091,22.0,0.0,0.0
23731,16.0,2008-02-29,66,0.0,1.0,1.0,1.0,1.0,0.5652173913043478,23.0,1.0,1.0,1.0,0.631578947368421,19.0,2.0,1.0,1.0,0.7058823529411765,17.0,6.0,0.0,0.0,0.4090909090909091,22.0,6.0,0.0,0.0,0.3333333333333333,18.0,3.0,0.0
23730,16.0,2008-02-28,66,0.0,1.0,1.0,1.0,1.0,0.631578947368421,19.0,2.0,1.0,1.0,0.7058823529411765,17.0,6.0,0.0,0.0,0.4090909090909091,22.0,6.0,0.0,0.0,0.3333333333333333,18.0,27.0,0.0,0.0,0.21739130434782608,23.0,2.0,1.0
23726,16.0,2008-02-27,66,0.0,1.0,2.0,1.0,1.0,0.7058823529411765,17.0,6.0,0.0,0.0,0.4090909090909091,22.0,6.0,0.0,0.0,0.3333333333333333,18.0,27.0,0.0,0.0,0.21739130434782608,23.0,2.0,1.0,0.6,0.4897959183673469,49.0,1.0,1.0
23703,16.0,2008-02-25,66,0.0,1.0,6.0,0.0,0.0,0.4090909090909091,22.0,6.0,0.0,0.0,0.3333333333333333,18.0,27.0,0.0,0.0,0.21739130434782608,23.0,2.0,1.0,0.6,0.4897959183673469,49.0,14.0,0.0,0.0,0.38095238095238093,21.0,0.0,1.0
23587,12.0,2008-02-19,66,0.0,3.0,6.0,0.0,0.0,0.3333333333333333,18.0,27.0,0.0,0.0,0.21739130434782608,23.0,2.0,1.0,0.6,0.4897959183673469,49.0,14.0,0.0,0.0,0.38095238095238093,21.0,68.0,0.0,0.0,0.4,20.0,0.0,0.0
23529,10.0,2008-02-13,65,0.0,3.0,27.0,0.0,0.0,0.21739130434782608,23.0,2.0,1.0,0.6,0.4897959183673469,49.0,14.0,0.0,0.0,0.38095238095238093,21.0,68.0,0.0,0.0,0.4,20.0,2.0,1.0,1.0,0.6190476190476191,21.0,0.0,0.0
23382,6.0,2008-01-17,70,1.0,3.0,2.0,1.0,0.6,0.4897959183673469,49.0,14.0,0.0,0.0,0.38095238095238093,21.0,68.0,0.0,0.0,0.4,20.0,2.0,1.0,1.0,0.6190476190476191,21.0,14.0,0.0,0.0,0.3684210526315789,19.0,1.0,0.0
23335,6.0,2008-01-15,70,1.0,3.0,14.0,0.0,0.0,0.38095238095238093,21.0,68.0,0.0,0.0,0.4,20.0,2.0,1.0,1.0,0.6190476190476191,21.0,14.0,0.0,0.0,0.3684210526315789,19.0,8.0,0.0,0.0,0.46153846153846156,26.0,0.0,1.0
23156,1.0,2008-01-01,67,1.0,3.0,68.0,0.0,0.0,0.4,20.0,2.0,1.0,1.0,0.6190476190476191,21.0,14.0,0.0,0.0,0.3684210526315789,19.0,8.0,0.0,0.0,0.46153846153846156,26.0,18.0,0.0,0.0,0.3684210526315789,19.0,0.0,0.0
23069,64.0,2007-10-25,91,0.0,1.0,2.0,1.0,1.0,0.6190476190476191,21.0,14.0,0.0,0.0,0.3684210526315789,19.0,8.0,0.0,0.0,0.46153846153846156,26.0,18.0,0.0,0.0,0.3684210526315789,19.0,2.0,1.0,0.0,0.5625,16.0,1.0,0.0
23055,64.0,2007-10-23,91,0.0,1.0,14.0,0.0,0.0,0.3684210526315789,19.0,8.0,0.0,0.0,0.46153846153846156,26.0,18.0,0.0,0.0,0.3684210526315789,19.0,2.0,1.0,0.0,0.5625,16.0,12.0,0.0,0.0,0.36666666666666664,30.0,0.0,1.0
22853,58.0,2007-10-09,91,0.0,1.0,8.0,0.0,0.0,0.46153846153846156,26.0,18.0,0.0,0.0,0.3684210526315789,19.0,2.0,1.0,0.0,0.5625,16.0,12.0,0.0,0.0,0.36666666666666664,30.0,3.0,1.0,0.75,0.6,35.0,0.0,0.0
22803,57.0,2007-10-01,91,1.0,3.0,18.0,0.0,0.0,0.3684210526315789,19.0,2.0,1.0,0.0,0.5625,16.0,12.0,0.0,0.0,0.36666666666666664,30.0,3.0,1.0,0.75,0.6,35.0,48.0,0.0,0.0,0.3333333333333333,18.0,0.0,0.0
22699,53.0,2007-09-13,93,1.0,0.0,2.0,1.0,0.0,0.5625,16.0,12.0,0.0,0.0,0.36666666666666664,30.0,3.0,1.0,0.75,0.6,35.0,48.0,0.0,0.0,0.3333333333333333,18.0,12.0,0.0,0.0,0.21739130434782608,23.0,1.0,0.0
22687,53.0,2007-09-11,93,1.0,0.0,12.0,0.0,0.0,0.36666666666666664,30.0,3.0,1.0,0.75,0.6,35.0,48.0,0.0,0.0,0.3333333333333333,18.0,12.0,0.0,0.0,0.21739130434782608,23.0,2.0,1.0,0.75,0.5348837209302325,43.0,0.0,1.0
22586,51.0,2007-08-30,87,1.0,3.0,3.0,1.0,0.75,0.6,35.0,48.0,0.0,0.0,0.3333333333333333,18.0,12.0,0.0,0.0,0.21739130434782608,23.0,2.0,1.0,0.75,0.5348837209302325,43.0,27.0,0.0,0.0,0.35714285714285715,28.0,1.0,0.0
22526,51.0,2007-08-27,87,1.0,3.0,48.0,0.0,0.0,0.3333333333333333,18.0,12.0,0.0,0.0,0.21739130434782608,23.0,2.0,1.0,0.75,0.5348837209302325,43.0,27.0,0.0,0.0,0.35714285714285715,28.0,1.0,1.0,1.0,0.6666666666666666,27.0,0.0,1.0
22003,37.0,2007-07-10,77,1.0,0.0,12.0,0.0,0.0,0.21739130434782608,23.0,2.0,1.0,0.75,0.5348837209302325,43.0,27.0,0.0,0.0,0.35714285714285715,28.0,1.0,1.0,1.0,0.6666666666666666,27.0,15.0,0.0,0.3333333333333333,0.3793103448275862,29.0,0.0,0.0
21954,36.0,2007-06-28,65,1.0,2.0,2.0,1.0,0.75,0.5348837209302325,43.0,27.0,0.0,0.0,0.35714285714285715,28.0,1.0,1.0,1.0,0.6666666666666666,27.0,15.0,0.0,0.3333333333333333,0.3793103448275862,29.0,6.0,0.0,0.0,0.4090909090909091,22.0,1.0,0.0
21906,36.0,2007-06-26,65,1.0,2.0,27.0,0.0,0.0,0.35714285714285715,28.0,1.0,1.0,1.0,0.6666666666666666,27.0,15.0,0.0,0.3333333333333333,0.3793103448275862,29.0,6.0,0.0,0.0,0.4090909090909091,22.0,13.0,0.0,0.0,0.3684210526315789,19.0,0.0,1.0
21653,31.0,2007-05-30,75,1.0,0.0,1.0,1.0,1.0,0.6666666666666666,27.0,15.0,0.0,0.3333333333333333,0.3793103448275862,29.0,6.0,0.0,0.0,0.4090909090909091,22.0,13.0,0.0,0.0,0.3684210526315789,19.0,1.0,1.0,1.0,0.5652173913043478,23.0,1.0,0.0
21591,31.0,2007-05-29,75,1.0,0.0,15.0,0.0,0.3333333333333333,0.3793103448275862,29.0,6.0,0.0,0.0,0.4090909090909091,22.0,13.0,0.0,0.0,0.3684210526315789,19.0,1.0,1.0,1.0,0.5652173913043478,23.0,30.0,0.0,0.0,0.38095238095238093,21.0,0.0,1.0
21505,29.0,2007-05-14,76,1.0,0.0,6.0,0.0,0.0,0.4090909090909091,22.0,13.0,0.0,0.0,0.3684210526315789,19.0,1.0,1.0,1.0,0.5652173913043478,23.0,30.0,0.0,0.0,0.38095238095238093,21.0,2.0,1.0,0.6666666666666666,0.5625,32.0,0.0,0.0
21468,28.0,2007-05-08,76,1.0,0.0,13.0,0.0,0.0,0.3684210526315789,19.0,1.0,1.0,1.0,0.5652173913043478,23.0,30.0,0.0,0.0,0.38095238095238093,21.0,2.0,1.0,0.6666666666666666,0.5625,32.0,2.0,1.0,1.0,0.6666666666666666,18.0,0.0,0.0
21327,24.0,2007-04-25,103,1.0,0.0,1.0,1.0,1.0,0.5652173913043478,23.0,30.0,0.0,0.0,0.38095238095238093,21.0,2.0,1.0,0.6666666666666666,0.5625,32.0,2.0,1.0,1.0,0.6666666666666666,18.0,29.0,0.0,0.0,0.25,16.0,1.0,0.0
21318,24.0,2007-04-24,103,1.0,0.0,30.0,0.0,0.0,0.38095238095238093,21.0,2.0,1.0,0.6666666666666666,0.5625,32.0,2.0,1.0,1.0,0.6666666666666666,18.0,29.0,0.0,0.0,0.25,16.0,49.0,0.0,0.0,0.43478260869565216,23.0,0.0,1.0
21152,20.0,2007-03-25,113,1.0,3.0,2.0,1.0,0.6666666666666666,0.5625,32.0,2.0,1.0,1.0,0.6666666666666666,18.0,29.0,0.0,0.0,0.25,16.0,49.0,0.0,0.0,0.43478260869565216,23.0,69.0,0.0,0.3333333333333333,0.48717948717948717,39.0,2.0,0.0
21128,20.0,2007-03-23,113,1.0,3.0,2.0,1.0,1.0,0.6666666666666666,18.0,29.0,0.0,0.0,0.25,16.0,49.0,0.0,0.0,0.43478260869565216,23.0,69.0,0.0,0.3333333333333333,0.48717948717948717,39.0,16.0,0.0,0.0,0.3333333333333333,18.0,1.0,1.0
21091,20.0,2007-03-21,113,1.0,3.0,29.0,0.0,0.0,0.25,16.0,49.0,0.0,0.0,0.43478260869565216,23.0,69.0,0.0,0.3333333333333333,0.48717948717948717,39.0,16.0,0.0,0.0,0.3333333333333333,18.0,83.0,0.0,0.0,0.35,20.0,0.0,1.0
20876,15.0,2007-02-20,114,0.0,3.0,49.0,0.0,0.0,0.43478260869565216,23.0,69.0,0.0,0.3333333333333333,0.48717948717948717,39.0,16.0,0.0,0.0,0.3333333333333333,18.0,83.0,0.0,0.0,0.35,20.0,70.0,0.0,0.3333333333333333,0.44,25.0,0.0,0.0
